ANID,Site,Fe,Rb,Sr,Zr,Ba,Ce
BUR-156,Chupas,0.49,127,56,82,198,20
BUR-157,Chupas,0.47,126,57,85,188,37
BUR-158,Chupas,0.47,126,56,88,186,38
BUR-159,Chupas,0.53,190,140,99,739,40
BUR-160,Chupas,0.47,133,53,84,193,31
BUR-161,Cerro Pucara,0.46,265,42,78,126,37
BUR-162,Cerro Pucara,0.48,293,43,85,150,36
BUR-163,Cerro Pucara,0.50,276,45,78,135,28
BUR-164,Cerro Pucara,0.49,279,44,79,136,61
BUR-165,Cerro Pucara,0.47,269,42,76,121,43
BUR-166,Jachalaca,0.48,270,43,79,131,46
BUR-167,Jachalaca,0.46,266,43,74,127,30
BUR-168,Jachalaca,0.47,273,46,81,143,38
BUR-169,Jachalaca,0.48,274,40,77,134,33
BUR-170,Jachalaca,0.49,273,43,81,138,50
BUR-171,Quelkata,0.48,265,40,82,119,39
BUR-172,Quelkata,0.48,272,38,77,129,28
BUR-173,Quelkata,0.49,276,37,76,131,36
BUR-174,Quelkata,0.46,269,44,80,127,35
BUR-175,Quelkata,0.49,273,38,81,114,40
BUR-176,Huillca Raccay,0.53,156,84,105,1083,70
BUR-177,Huillca Raccay,0.54,154,79,101,1117,50
BUR-178,Huiltocco,0.45,255,40,77,112,35
BUR-179,Huiltocco,0.49,265,43,77,136,41
BUR-180,Huiltocco,0.48,267,39,82,138,40
BUR-181,Huiltocco,0.47,275,39,82,134,27
BUR-182,Huiltocco,0.49,268,43,77,137,34
BUR-183,Cabanaconde,0.49,278,40,82,128,25
BUR-184,Cabanaconde,0.47,273,35,77,130,42
BUR-185,Pachamachay,0.54,195,137,101,762,24
BUR-186,Pachamachay,0.86,150,171,60,844,26
BUR-187,Pachamachay,0.54,194,130,100,745,55
BUR-188,Vizcachani,0.47,268,40,78,132,28
BUR-189,Vizcachani,0.45,256,40,77,134,42
BUR-190,Wichgana,0.54,188,136,98,739,56
BUR-191,Wichgana,0.54,183,130,95,736,46
BUR-192,Pampas Galeras,0.53,190,127,95,702,35
BUR-193,Pampas Galeras,0.54,186,136,94,725,44
BUR-194,Pampas Galeras,0.56,200,140,100,782,49
BUR-195,Pampas Galeras,0.54,184,135,96,753,52
BUR-196,Pampas Galeras,0.55,193,132,101,809,51
BUR-197,Waman Wain,0.54,183,128,101,726,36
BUR-198,Waman Wain,0.55,199,132,101,740,47
BUR-199,Pajoc,0.54,187,129,94,740,50
BUR-200,Garagay,0.55,189,129,98,731,55
BUR-202,Chavin,0.54,195,144,105,716,47
BUR-203,Chavin,0.53,198,143,97,764,53
BUR-204,Chavin,0.54,202,151,99,738,48
BUR-205,Chavin,0.56,198,149,100,728,45
BUR-206,Chavin,0.54,191,142,98,723,39
BUR-207,Chavin,0.54,198,141,97,762,38
BUR-208,Chavin,0.55,201,146,99,744,44
BUR-209,Chavin,0.53,195,138,93,679,51
BUR-210,Chavin,0.54,193,135,94,745,44
BUR-211,Chavin,0.54,200,145,107,762,48
BUR-212,Chavin,0.53,201,144,100,747,52
BUR-213,Chavin,0.44,185,88,75,401,52
BUR-214,Chavin,0.52,193,141,95,763,74
BUR-215,Chavin,0.53,161,90,101,1122,68
BUR-216,Chavin,0.55,190,137,104,768,53
BUR-217,Chavin,0.56,200,148,102,771,61
BUR-218,Chavin,0.53,200,141,96,753,62
BUR-219,Chavin,0.55,202,141,103,727,43
BUR-220,Chavin,0.53,205,150,103,824,62
BUR-221,Chavin,0.55,202,150,107,770,51
BUR-222,Chavin,0.54,205,149,100,795,36
BUR-223,Chavin,0.53,199,145,94,793,57
BUR-224,Chavin,0.52,193,139,102,724,57
BUR-225,Kalikantu,0.51,155,134,106,591,42
BUR-226,Kalikantu,0.48,158,126,100,561,47
BUR-227,Kalikantu,0.36,164,127,115,569,72
BUR-228,Kalikantu,0.48,148,117,95,545,49
BUR-229,Kalikantu,0.50,153,122,99,550,59
BUR-230,Sumbay,0.44,264,43,74,119,44
BUR-231,Sumbay 2,0.45,264,39,70,124,42
BUR-232,Sumbay 2,0.44,255,41,71,128,41
BUR-233,Chiripa,0.45,248,39,74,118,27
BUR-234,Sumbay 3,0.45,266,44,73,133,36
BUR-235,Sumbay 3,0.44,267,40,70,100,46
BUR-236,Pacopampa,0.50,182,136,91,692,58
BUR-237,Sumbay 3,0.44,254,37,73,122,36
BUR-239,Pacopampa,0.49,184,133,93,690,48
BUR-240,Pacopampa,0.49,189,139,96,728,50
BUR-241,Pacopampa,0.49,189,139,96,732,46
BUR-242,Pacopampa,0.48,185,133,91,736,52
BUR-243,Pacopampa,0.47,175,127,91,680,36
BUR-244,Machaipungo,0.49,188,133,88,708,66
BUR-245,Chiripa,0.45,148,120,91,545,42
BUR-238,Pacopampa,0.48,171,134,88,678,36
BUR-246,Chiripa,0.55,271,42,77,130,39
BUR-247a,Chavin,0.59,172,127,101,671,53
BUR-248,Chavin,0.70,177,137,110,703,64
BUR-249,Chavin,0.52,168,125,105,691,38
BUR-250,Chavin,0.51,182,140,110,694,50
BUR-251,Chavin,0.53,182,128,103,681,49
BUR-252,Chavin,0.53,202,143,111,NA,NA
BUR-253,Chavin,0.52,198,134,105,681,61
BUR-254,Chavin,0.46,165,115,92,655,52
BUR-255,Chavin,0.43,184,130,102,657,52
BUR-256,Chavin,0.48,191,138,106,693,56
BUR-257,Chavin,0.60,195,137,108,705,53
BUR-258,Chavin,0.95,189,134,111,720,54
BUR-259,Chavin,0.51,150,84,103,973,52
BUR-260,Chavin,0.53,196,132,106,700,52
BUR-261,Chavin,0.37,186,124,97,686,47
BUR-262,Jincamoqo,0.87,169,284,187,780,73
BUR-263,Jincamoqo,0.87,175,292,194,747,92
BUR-264,Jincamoqo,0.78,171,278,187,736,72
BUR-265,Jincamoqo,0.52,183,133,104,670,39
BUR-266,Jincamoqo,0.79,166,289,190,740,80
BUR-267,Jincamoqo,0.91,181,290,190,771,87
BUR-268,Chanapata,0.44,120,67,97,955,61
BUR-269,Chanapata,0.48,151,77,98,962,56
BUR-270,Chanapata,0.38,147,76,94,967,62
BUR-271,Chanapata,0.65,154,78,101,953,55
BUR-272,Chanapata,0.62,119,69,96,1018,62
BUR-273,Chanapata,0.47,141,80,102,972,53
BUR-274,Huillca Raccay,0.36,153,80,100,1010,69
BUR-275,Huillca Raccay,0.45,150,82,110,986,63
BUR-276,Chumbivilcas,0.49,246,106,132,446,102
BUR-277,OGSE-46 (GI/La Carolina),0.35,162,81,67,845,39
BUR-278,OGSE-46 (GI/La Carolina),0.32,169,81,70,874,26
BUR-279,OGSE-46 (GI/La Carolina),0.36,184,87,71,861,39
BUR-280,OGSE-46 (GI/La Carolina),0.41,144,114,90,1034,59
BUR-281,OGSE-46 (GI/La Carolina),0.41,191,89,73,903,35
BUR-282,OGSE-46 (GI/La Carolina),0.43,179,87,71,883,37
BUR-283,El Inga,0.55,143,145,102,996,39
BUR-284,El Inga,0.51,192,89,73,876,33
BUR-285,El Inga,0.51,186,87,74,886,40
BUR-286,El Inga,0.42,177,85,67,874,31
BUR-287,El Inga,0.38,172,82,65,863,28
BUR-288,El Inga,0.44,179,88,69,906,23
BUR-289,Chavin,0.69,183,135,107,714,55
BUR-290,Chavin,0.59,172,120,99,659,54
BUR-291,Chavin,0.60,187,134,104,691,49
BUR-292,Chupas,0.67,177,132,103,671,56
BUR-293,Chupas,0.50,120,57,101,190,43
BUR-294,Chupas,0.43,154,121,94,706,61
BUR-295,Chupas,0.36,141,113,94,670,57
BUR-296,Chupas,0.52,148,124,107,720,57
BUR-297,Chupas,0.78,93,127,92,198,38
BUR-298,Chupas,0.42,102,50,88,182,48
BUR-299,Chanapata,0.49,111,69,91,933,59
BUR-300,Pachamachay,0.58,155,128,104,710,60
BUR-301,Pachamachay,0.70,119,114,96,709,68
BUR-302,Pachamachay,0.82,139,119,104,729,59
BUR-303a,Pachamachay,#VALUE!,NA,NA,NA,757,64
BUR-304,Pachamachay,0.67,132,121,102,748,61
BUR-305,AY 5-5,0.73,150,134,113,740,41
BUR-306,AY 5-5,0.56,150,125,105,736,48
BUR-307,AY 5-5,0.39,143,119,94,698,58
BUR-308,AY 5-5,0.43,153,128,101,699,52
BUR-309,AY 5-5,0.72,131,248,176,734,99
BUR-310,AY 5-5,0.44,146,120,94,667,51
BUR-311,AY 5-5,0.39,145,116,92,658,52
BUR-312,AY 5-5,0.76,162,150,134,760,50
BUR-336,Chanapata,0.41,117,75,98,968,62
BUR-313,AY 5-5,0.40,147,115,90,666,56
BUR-314,AY 5-5,0.42,142,112,87,639,50
BUR-315,Chobshi Cave,0.35,132,73,65,833,34
BUR-316,Chobshi Cave,0.33,114,107,80,1017,52
BUR-317,Chobshi Cave,0.35,124,77,62,825,23
BUR-318,Chobshi Cave,0.34,112,100,80,973,56
BUR-319,Chobshi Cave,0.38,101,98,75,1010,59
BUR-320,Chobshi Cave,0.27,131,76,64,871,41
BUR-321,Chavin,0.50,147,129,101,693,50
BUR-322,Chavin,0.55,159,126,100,677,65
BUR-323,Chavin,0.50,136,112,98,717,65
BUR-324,Chavin,0.57,153,131,108,668,47
BUR-325,Chavin,0.58,159,133,108,671,49
BUR-326,Chavin,0.74,146,124,99,617,52
BUR-327,Chavin,0.47,144,119,96,635,48
BUR-328,Chavin,0.35,110,105,79,613,45
BUR-329,Chavin,0.34,131,113,97,670,58
BUR-330,Chavin,0.50,145,115,93,654,58
BUR-331,Chavin,0.53,138,118,96,681,50
BUR-332,Chavin,0.61,134,133,120,732,65
BUR-333,Chavin,0.50,143,124,101,659,48
BUR-334,Chavin,0.52,143,121,94,668,62
BUR-335,Chavin,0.66,154,129,103,653,50
BUR-337,Fierro Wasi,0.53,219,104,127,446.9,88.71
BUR-338,Taraco,0.49,239,39,78,112.7,46
BUR-339,Taraco,0.41,230,38,78,112,44.24
BUR-340,Taraco,0.42,254,42,86,110.6,46.26
BUR-341,K'elloqaqa,0.45,247,44,85,117.5,47.74
BUR-342,K'elloqaqa,0.49,232,40,80,107.8,39.15
BUR-343,K'elloqaqa,0.39,216,36,74,111.2,38.63
BUR-344,K'elloqaqa,0.50,236,39,77,112.8,47.68
BUR-345,K'elloqaqa,0.32,216,41,78,117.7,49.57
BUR-346,Pikicallepata,0.28,211,32,71,117.1,33.24
BUR-347,Pikicallepata,0.39,120,70,97,960.7,61.38
BUR-348,Pikicallepata,0.42,228,45,87,115.7,37.78
BUR-349,Pikicallepata,0.42,250,41,81,116.7,41.5
BUR-350,Pikicallepata,0.38,126,68,90,946.5,64.18
BUR-351,Pikicallepata,0.31,922,30,28,NA,141.5
BUR-352,Pikicallepata,0.34,124,69,90,948.6,64.75
BUR-353,Pikicallepata,0.33,189,3,98,2.956,43.64
BUR-354,Pikicallepata,0.40,232,39,78,115.8,43.47
BUR-355,Pikicallepata,0.41,226,40,82,112.7,45.16
BUR-356,Pikicallepata,0.55,133,77,90,933.4,58.34
BUR-357,Pikicallepata,0.37,116,62,84,958.4,65.31
BUR-358,Pikicallepata,0.32,119,67,88,934.4,61.98
BUR-359,Pikicallepata,0.29,212,35,68,114.4,38.04
BUR-360,Pikicallepata,0.44,129,68,89,912.4,62.56
BUR-361,Pikicallepata,0.38,120,74,95,959.7,66.45
BUR-362,Pikicallepata,0.33,221,37,78,115,44.78
BUR-363,Tumuku,0.56,131,102,94,499.1,54.52
BUR-364,Tumuku,0.31,205,33,70,114.9,42.71
BUR-365,Tumuku,0.42,226,35,78,119.4,44.29
BUR-366,Chavin,0.40,155,113,89,654.7,43.01
BUR-367,Chavin,0.45,163,118,94,643.4,46.59
BUR-368,Chavin,0.54,153,109,89,608.5,43.86
BUR-369,Chavin,0.05,10,NA,2,117.8,12.81
BUR-370,Chavin,0.47,163,114,94,633.2,46.04
BUR-371,Chavin,0.53,164,116,93,664.5,61.65
BUR-372,Chavin,0.73,144,103,87,605.6,57.07
BUR-373,Chavin,0.59,180,133,111,652.9,58.29
BUR-374,Chavin,0.54,175,122,92,622,52.67
BUR-375,OGSE-46 (GI/La Carolina),0.37,154,79,68,826.2,40.53
BUR-376,OGSE-46 (GI/La Carolina),0.33,131,72,64,844.8,17.04
BUR-377,OGSE-46 (GI/La Carolina),0.41,172,80,67,810.3,30.99
BUR-378,OGSE-46 (GI/La Carolina),0.36,152,70,60,770.9,25.41
BUR-379,OGSE-46 (GI/La Carolina),0.39,166,80,65,808,47.69
BUR-380,Qaluyu,0.44,230,41,77,116.6,42
BUR-381,Qaluyu,0.35,234,38,72,117.9,55.14
BUR-382,Chavin,0.51,175,116,95,692,50
BUR-383,Chavin,0.54,135,68,84,913,56
BUR-384,Marcavalle,0.41,127,72,90,1001,57
BUR-385,Marcavalle,0.58,137,83,106,1005,51
BUR-386,Marcavalle,0.64,243,119,145,511,80
BUR-387,Marcavalle,0.54,147,81,96,981,53
BUR-388,Marcavalle,0.43,129,75,97,1004,60
BUR-387,Marcavalle,0.56,143,79,101,1043,57
BUR-388,Marcavalle,0.40,228,89,127,409,77
BUR-389,Marcavalle,0.44,225,87,123,409,76
BUR-390,Marcavalle,0.44,133,74,96,1009,58
BUR-391,Marcavalle,0.43,129,71,86,968,59
BUR-392,Marcavalle,0.42,135,73,90,990,62
BUR-393,Marcavalle,0.45,137,72,90,1021,59
BUR-394,Marcavalle,0.46,135,72,90,980,56
BUR-395,Marcavalle,0.40,132,77,99,990,57
BUR-396,Marcavalle,0.43,137,77,96,968,56
BUR-397,Marcavalle,0.46,136,74,102,1015,54
BUR-398,Marcavalle,0.47,141,75,93,1004,60
BUR-399,Marcavalle,0.52,136,75,91,996,60
BUR-400,Marcavalle,0.55,129,82,112,1076,51
BUR-401,Marcavalle,0.35,119,65,98,1046,51
BUR-402,Qaluyu,0.45,227,39,85,123,33
BUR-403,Qaluyu,0.45,257,43,83,120,40
BUR-404,Qaluyu,0.33,226,41,76,120,44
BUR-405,Qaluyu,0.58,281,49,95,128,44
BUR-406,Qaluyu,0.46,237,38,86,127,43
BUR-407,Qaluyu,0.51,221,37,80,119,47
BUR-408,Qaluyu,0.52,257,41,83,119,42
BUR-409,Qaluyu,0.31,224,40,79,123,39
BUR-410,Qaluyu,0.51,267,42,87,128,37
BUR-411,Qaluyu,0.59,265,42,83,127,45
BUR-412,Qaluyu,0.42,234,38,83,121,46
BUR-413,Qaluyu,0.55,231,45,87,128,38
BUR-414,Qaluyu,0.51,246,44,84,125,41
BUR-415,Qaluyu,0.55,253,40,79,116,46
BUR-416,Qaluyu,0.52,255,40,83,123,45
BUR-417,Qaluyu,0.41,1093,7,22,NA,104
BUR-418,Qaluyu,0.42,224,41,80,128,46
BUR-419,Qaluyu,0.46,226,38,83,124,46
BUR-420,Qaluyu,0.44,232,43,82,128,47
BUR-421,Qaluyu,0.52,202,38,76,114,47
BUR-422,Qaluyu,0.68,221,41,80,127,33
BUR-423,Qaluyu,0.45,218,40,83,121,34
BUR-424,Qaluyu,0.45,207,42,78,124,40
BUR-425,Coracorral Pata (AY 5-5),0.49,171,119,95,707,49
BUR-426,Coracorral Pata (AY 5-5),0.58,173,122,94,698,56
BUR-427,Coracorral Pata (AY 5-5),0.86,161,263,170,746,75
BUR-428,Coracorral Pata (AY 5-5),0.58,167,117,94,671,44
BUR-429,Coracorral Pata (AY 5-5),0.71,159,113,93,693,40
BUR-430,Coracorral Pata (AY 5-5),0.37,155,107,88,668,48
BUR-431,Coracorral Pata (AY 5-5),0.50,178,126,96,719,54
BUR-432,Coracorral Pata (AY 5-5),1.04,172,277,187,776,85
BUR-433,Coracorral Pata (AY 5-5),0.42,165,115,90,632,45
BUR-434,Coracorral Pata (AY 5-5),0.43,172,125,95,689,53
BUR-435,Coracorral Pata (AY 5-5),0.48,166,118,88,671,51
BUR-436,Coracorral Pata (AY 5-5),0.41,166,117,91,691,47
BUR-437,Coracorral Pata (AY 5-5),0.83,157,256,177,768,80
BUR-438,Coracorral Pata (AY 5-5),0.34,147,102,78,687,46
BUR-439,Coracorral Pata (AY 5-5),0.50,165,114,90,694,53
BUR-440,Coracorral Pata (AY 5-5),0.73,160,257,173,761,82
BUR-441,Coracorral Pata (AY 5-5),0.53,182,130,102,675,55
BUR-442,Coracorral Pata (AY 5-5),0.93,161,273,175,761,85
BUR-443,Coracorral Pata (AY 5-5),0.60,185,129,105,727,49
BUR-444,Coracorral Pata (AY 5-5),1.01,164,260,175,789,72
BUR-445,Coracorral Pata (AY 5-5),0.95,123,213,163,774,83
BUR-446,Coracorral Pata (AY 5-5),0.49,163,124,94,694,53
BUR-447,Coracorral Pata (AY 5-5),0.40,168,115,93,706,52
BUR-448,Coracorral Pata (AY 5-5),0.49,170,118,90,659,50
BUR-449,Coracorral Pata (AY 5-5),0.48,161,115,93,687,47
BUR-450,Coracorral Pata (AY 5-5),0.60,184,128,105,738,59
BUR-451,Coracorral Pata (AY 5-5),0.66,186,132,100,700,51
BUR-452,Coracorral Pata (AY 5-5),0.44,182,122,95,693,48
BUR-453,Coracorral Pata (AY 5-5),0.55,188,127,96,719,56
BUR-454,Coracorral Pata (AY 5-5),0.70,153,254,167,761,80
BUR-456,Coracorral Pata (AY 5-5),0.97,158,250,176,792,79
BUR-457,Coracorral Pata (AY 5-5),0.38,158,111,93,705,51
BUR-458,Coracorral Pata (AY 5-5),0.54,167,120,97,707,55
BUR-459,Marcavalle,0.49,253,42,80,121,41
BUR-460,Marcavalle,0.52,251,40,80,124,37
BUR-461,Huari,0.50,170,120,91,661,47
BUR-462,Huari,0.56,172,116,91,666,49
BUR-463,Huari,0.55,174,125,93,680,49
BUR-464,Sumbay (Talus of Abrigo SU-2),0.41,220,36,75,119,38
BUR-465,Sumbay (Talus of Abrigo SU-2),0.43,229,40,77,123,37
BUR-466,Sumbay (Talus of Abrigo SU-2),0.51,246,39,78,112,41
BUR-467,Sumbay (Talus of Abrigo SU-2),0.37,228,36,73,112,34
BUR-468,Sumbay (Talus of Abrigo SU-2),0.51,243,42,79,123,42
BUR-469,Sumbay (Talus of Abrigo SU-2),0.48,249,40,79,120,37
BUR-470,Sumbay (Talus of Abrigo SU-2),0.43,226,46,79,116,42
BUR-471,Sumbay (Talus of Abrigo SU-2),0.57,245,47,84,119,35
BUR-472,Sumbay (Talus of Abrigo SU-2),0.50,242,46,82,121,42
BUR-473,Sumbay (Talus of Abrigo SU-2),0.38,218,39,76,116,43
BUR-474,Sumbay (Talus of Abrigo SU-2),0.43,220,38,75,123,46
BUR-475,Sumbay (Talus of Abrigo SU-2),0.35,214,38,74,119,44
BUR-476,Sumbay (Talus of Abrigo SU-2),0.65,242,47,84,132,49
BUR-477,Sumbay (Talus of Abrigo SU-2),0.50,237,40,75,106,35
BUR-478,Sumbay (Talus of Abrigo SU-2),0.37,233,42,80,122,33
BUR-479,Sumbay (Talus of Abrigo SU-2),0.32,221,39,74,122,42
BUR-480,Sumbay (Talus of Abrigo SU-2),0.40,243,45,84,130,51
BUR-481,Sumbay (Talus of Abrigo SU-2),0.43,233,42,78,130,45
BUR-482,Sumbay (Talus of Abrigo SU-2),0.43,240,45,84,117,37
BUR-483,Huiltocco,0.37,214,38,72,125,45
BUR-484,Jachalaca,0.38,221,39,81,116,42
BUR-485,Jachalaca,0.36,220,39,76,119,41
BUR-486,Jachalaca,0.37,233,40,79,124,41
BUR-487,Quelkata,0.39,219,44,84,121,47
BUR-488,Quelkata,0.46,232,42,83,126,39
BUR-489,Quelkata,0.47,230,42,80,127,41
BUR-490,Quelkata,0.35,201,35,68,122,38
BUR-550,Quelkata,0.12,174,27,62,123,45
BUR-491,Quelkata,0.56,218,41,81,119,38
BUR-492,Quelkata,0.45,240,44,79,110,46
BUR-493,Quelkata,0.55,230,43,78,127,40
BUR-494,Quelkata,0.46,233,44,79,121,45
BUR-495,Quelkata,0.43,226,39,76,124,34
BUR-496,Quelkata,0.39,221,40,78,121,42
BUR-497,Quelkata,0.46,234,43,86,122,50
BUR-498,Quelkata,0.30,216,40,73,124,43
BUR-499,Quelkata,0.47,218,40,81,121,46
BUR-500,Quelkata,0.48,222,42,81,124,41
BUR-501,Quelkata,0.38,218,38,79,121,40
BUR-502,OGSE-46 (GI/La Carolina),0.35,148,75,58,839,34
BUR-503,OGSE-46 (GI/La Carolina),0.30,154,66,58,880,31
BUR-504,OGSE-46 (GI/La Carolina),0.49,144,71,63,799,22
BUR-505,OGSE-46 (GI/La Carolina),0.36,153,77,66,880,30
BUR-506,OGSE-46 (GI/La Carolina),0.42,154,79,66,815,32
BUR-507,OGSE-46 (GI/La Carolina),0.39,158,78,66,893,45
BUR-508,El Inga,0.35,139,68,58,868,23
BUR-509,El Inga,0.42,159,81,66,883,36
BUR-510,El Inga,0.48,133,101,81,972,47
BUR-511,El Inga,0.59,128,115,90,984,51
BUR-512,El Inga,0.52,130,102,80,958,37
BUR-513,El Inga,0.36,152,75,63,885,34
BUR-514,Wiraqocha Orqo,0.48,129,73,96,1030,60
BUR-515,Wiraqocha Orqo,0.61,203,95,119,501,89
BUR-516,Wiraqocha Orqo,0.46,122,73,92,1015,63
BUR-517,Wiraqocha Orqo,0.50,125,72,93,979,60
BUR-518,Wiraqocha Orqo,0.44,119,63,80,951,55
BUR-519,Choqo Choqo,0.44,209,87,120,443,92
BUR-520,Choqo Choqo,0.50,128,72,94,1020,63
BUR-521,Choqo Choqo,0.52,129,75,96,1004,63
BUR-522,Choqo Choqo,0.33,115,67,88,985,71
BUR-523,Choqo Choqo,0.37,120,66,86,1025,63
BUR-524,Choqo Choqo,0.48,113,71,83,1035,67
BUR-525,Choqo Choqo,0.44,123,73,92,1033,62
BUR-526,Choqo Choqo,0.44,118,74,97,1067,74
BUR-527,Choqo Choqo,0.36,122,69,86,1029,65
BUR-528,Choqo Choqo,0.46,123,66,90,1047,73
BUR-529,Choqo Choqo,0.33,178,5,101,2,53
BUR-530,Choqo Choqo,0.40,118,64,81,993,64
BUR-531,Choqo Choqo,0.39,112,65,80,1045,72
BUR-532,Choqo Choqo,0.60,206,102,124,527,95
BUR-533,Choqo Choqo,0.51,122,67,85,1043,67
BUR-534,Culla Wata,0.53,190,83,118,410,88
BUR-535,Culla Wata,0.48,149,110,97,711,48
BUR-536,Culla Wata,0.35,126,70,93,981,65
BUR-537,Culla Wata,0.55,142,129,113,1008,88
BUR-538,Culla Wata,0.47,124,71,95,1036,67
BUR-539,Culla Wata,0.35,172,92,115,494,89
BUR-540,Culla Wata,0.56,122,71,91,997,60
BUR-541,Culla Wata,0.47,113,67,85,896,56
BUR-542,Caxani,0.48,232,42,90,125,40
BUR-543A,Caxani,0.36,224,42,84,122,40
BUR-543B,Caxani,0.52,213,44,78,120,35
BUR-544,Caxani,0.46,220,41,80,128,44
BUR-545,Caxani,0.39,221,37,75,119,42
BUR-546,Caxani,0.47,223,36,72,125,47
BUR-547,Caxani,0.48,225,36,72,123,36
BUR-548,Caxani,0.51,222,40,76,124,49
BUR-549,Caxani,0.47,212,37,71,111,33
BUR-551,Asiruni,0.47,223,43,82,132,51
BUR-552,Asiruni,0.37,1064,18,23,NA,102
BUR-553,Asiruni,0.38,218,42,80,123,41
BUR-554,Asiruni,0.50,210,38,77,120,43
BUR-555,Tiahuanaco,0.64,126,78,101,1046,69
BUR-556,Tiahuanaco,0.39,119,69,94,988,67
BUR-557,San Roque,0.63,238,65,79,130,41
BUR-558,San Roque,0.47,221,43,81,120,48
BUR-559,Paqalla Moqo,0.43,123,72,104,1043,61
BUR-560,Paqalla Moqo,0.52,133,74,102,1060,60
BUR-561,Qaqachupa,0.48,237,44,86,125,45
BUR-562,Qaqachupa,0.44,116,74,98,1010,58
BUR-563,Qaqachupa,0.45,224,44,76,128,45
BUR-564,Qaqachupa,0.45,125,74,103,1025,57
BUR-565,Qaqachupa,0.42,229,43,86,130,45
BUR-566,Qaqachupa,0.51,127,70,91,1041,68
BUR-567,Qaqachupa,0.32,210,38,72,129,48
BUR-568,Kolkeparke,0.43,122,70,95,1047,61
BUR-569,Kolkeparke,0.35,224,45,85,132,40
BUR-570,Moray,0.58,222,95,131,455,87
BUR-571,Esquinapata,0.37,215,44,77,131,47
BUR-572,Esquinapata,0.42,232,41,77,127,49
BUR-573,Esquinapata,0.39,224,41,78,122,47
BUR-574,Esquinapata,0.29,205,37,73,126,69
BUR-575,Esquinapata,0.39,238,42,81,125,47
BUR-576,Esquinapata,0.42,234,43,80,126,46
BUR-577,Esquinapata,0.39,1174,24,27,NA,104
BUR-578,Tawaqoya,0.50,126,67,90,1025,61
BUR-579,Huasau,0.52,203,10,138,9,55
BUR-580,Huasau,0.40,212,105,136,515,82
BUR-581,Pukara,0.38,124,69,94,995,70
BUR-582,Pukara,0.48,206,42,74,124,43
BUR-303b,Pachamachay,1.12,153,112,101,758,71
BUR-583,Pachamachay,0.70,154,123,119,784,36
BUR-584,Pachamachay,0.87,139,102,91,679,67
BUR-585,Pachamachay,0.79,168,119,101,726,62
BUR-247b,Chavin,0.45,147,107,93,712,52
BUR-586,Chanapata,0.54,128,75,100,1008,57
BUR-587,Cerro Pukara,0.46,227,43,83,113,46
BUR-588,Cerro Pukara,0.41,224,41,85,132,47
BUR-589,Cerro Pukara,0.35,233,42,80,126,39
BUR-590,Cerro Pukara,0.54,264,52,94,124,43
BUR-591,Cerro Pukara,0.47,224,38,80,123,45
BUR-592,Chavin,0.86,130,101,84,650,53
BUR-593,Hacha,0.69,142,161,133,911,84
BUR-594,Hacha,0.91,144,240,167,748,85
BUR-595,Hacha,0.62,174,85,101,649,46
BUR-596,Hacha,0.49,166,118,96,698,49
BUR-597,Hacha,0.42,144,105,90,731,61
BUR-598,Hacha,0.44,147,69,79,622,41
BUR-599,Hacha,0.47,157,119,96,700,54
BUR-600,Hacha,0.57,156,117,97,727,57
BUR-601,Hacha,0.52,159,116,94,710,56
BURG-001,Waywaka,0.59,207,100,91,NA,NA
BURG-009,Waywaka,0.49,183,91,86,NA,NA
BURG-010,Waywaka,0.45,187,88,88,NA,NA
BURG-021,Waywaka,0.82,165,285,203,NA,NA
BURG-032,Kunka Taka,0.73,150,267,187,NA,NA
BURG-083,Waywaka,1.17,199,347,234,NA,NA
BUR-118,Hacha,0.52,198,85,93,NA,NA
BUR-119,Hacha,0.44,201,87,95,NA,NA
BUR-111,Iomachay,0.49,136,74,105,NA,NA
BUR-112,Iomachay,0.58,150,76,117,NA,NA
BUR-084,Waywaka,1.23,206,365,241,NA,NA
BUR-085,Waywaka,0.98,186,317,222,NA,NA
BUR-096,Waywaka,0.60,166,178,150,NA,NA
BUR-105,Waywaka,0.75,186,189,159,NA,NA
BUR-125,Iomachay,0.66,214,178,114,NA,NA
BUR-141,Chinchiramoqo,0.55,207,165,114,NA,NA
BUR-055,Chobshi Cave,0.51,162,137,102,1045,40
BUR-056,Chobshi Cave,0.96,144,97,124,1279,64
BUR-057,Chobshi Cave,0.48,106,218,141,1029,49
BUR-058,Chobshi Cave,0.51,143,150,102,1038,46
BUR-059,Chobshi Cave,1.00,152,99,125,1250,69
ECUA-001,Cotocollao,0.53,157,143,110,1036,NA
ECUA-002,Cotocollao,0.70,154,210,152,NA,NA
ECUA-003,Cotocollao,0.50,155,127,98,1061,NA
ECUA-004,Cotocollao,0.58,167,174,121,NA,NA
ECUA-005,Cotocollao,0.37,170,84,72,NA,NA
ECUA-006,Cotocollao,0.50,155,138,98,NA,NA
ECUA-007,Cotocollao,0.52,165,140,104,1081,NA
ECUA-008,Cotocollao,0.71,149,200,147,NA,NA
ECUA-009,Cotocollao,0.50,159,124,99,1074,NA
ECUA-010,Cotocollao,0.70,150,220,154,1052,NA
ECUA-011,Cotocollao,0.61,150,180,132,NA,NA
ECUA-012,Cotocollao,0.50,157,138,107,1101,NA
ECUA-013,Cotocollao,0.39,193,85,74,NA,NA
ECUA-014,Cotocollao,0.36,200,91,80,899,NA
ECUA-015,Cotocollao,0.58,155,180,125,1058,NA
ECUA-016,La Chimba,0.60,228,12,76,170,NA
ECUA-017,La Chimba,0.49,158,159,95,NA,NA
ECUA-018,La Chimba,0.48,161,160,92,1090,NA
ECUA-019,La Chimba,0.47,165,170,100,1063,NA
ECUA-020,La Chimba,0.49,176,178,94,NA,NA
ECUA-021,Mullumica,0.84,146,252,185,1123,NA
ECUA-022,Mullumica,0.83,152,259,195,NA,NA
ECUA-023,Mullumica,0.84,146,249,184,1141,NA
ECUA-024,Mullumica,0.78,139,237,171,1090,NA
ECUA-025,Mullumica,0.73,147,244,179,NA,NA
ECUA-026,Quito,0.60,154,162,123,1106,NA
ECUA-027,Quito,0.46,159,111,90,NA,NA
ECUA-028,Quito,0.50,164,133,99,1090,NA
ECUA-029,Quito,0.39,203,87,79,894,NA
ECUA-030,Quito,0.92,142,278,197,NA,NA
ECUA-031,La Tolita,0.50,156,136,100,NA,NA
ECUA-032,La Tolita,0.50,166,136,101,1065,NA
ECUA-033,La Tolita,0.50,156,134,96,1089,NA
ECUA-034,La Tolita,0.49,150,129,98,1087,NA
ECUA-035,La Tolita,0.51,167,136,97,1068,NA
ECUA-036,Rodeo Corrales,0.36,189,82,77,914,NA
ECUA-037,Rodeo Corrales,0.38,187,86,73,863,NA
ECUA-038,Rodeo Corrales,0.35,190,86,79,864,NA
ECUA-039,Rodeo Corrales,0.37,196,85,78,924,NA
ECUA-040,Rodeo Corrales,0.36,187,88,76,901,NA